"","Rank","Title","No. of FTE Students","Student:Staff Ratio","International Students","Female:Male Ratio"
"1","University of Oxford","United Kingdom","19,919","11.6","34%","46 : 54"
"2","California Institute of Technology","United States","2,243","6.9","27%","33 : 67"
"3","Stanford University","United States","15,596","7.8","22%","42 : 58"
"4","University of Cambridge","United Kingdom","18,812","11.8","34%","46 : 54"
"5","Massachusetts Institute of Technology","United States","11,074","9","33%","37 : 63"
"6","Harvard University","United States","20,152","8.9","25%",""
"7","Princeton University","United States","7,929","8.4","27%","45 : 55"
"8","Imperial College London","United Kingdom","15,060","11.7","51%","37 : 63"
"9","ETH Zurich – Swiss Federal Institute of Technology Zurich","Switzerland","18,178","14.7","37%","31 : 69"
"10","University of California, Berkeley","United States","36,186","16.4","15%","50 : 50"
"10","University of Chicago","United States","14,221","6.9","21%","42 : 58"
"12","Yale University","United States","11,751","4.4","20%","50 : 50"
"13","University of Pennsylvania","United States","20,376","6.5","20%","51 : 49"
"14","University of California, Los Angeles","United States","38,206","10.3","15%","52 : 48"
"15","University College London","United Kingdom","26,607","10.7","46%","56 : 44"
"16","Columbia University","United States","25,055","5.9","28%",""
"17","Johns Hopkins University","United States","15,128","3.6","23%","50 : 50"
"18","Duke University","United States","15,172","4.8","17%","49 : 51"
"19","Cornell University","United States","21,424","10.2","19%","48 : 52"
"20","Northwestern University","United States","18,334","13.8","15%","48 : 52"
"21","University of Michigan","United States","41,786","9","16%","48 : 52"
"22","University of Toronto","Canada","66,198","19.5","15%",""
"23","Carnegie Mellon University","United States","11,885","13.1","35%","39 : 61"
"24","National University of Singapore","Singapore","38,000","15.8","","49 : 51"
"25","London School of Economics and Political Science","United Kingdom","9,233","12.1","70%","53 : 47"
"25","University of Washington","United States","44,020","11.8","13%","53 : 47"
"27","University of Edinburgh","United Kingdom","25,774","14.1","36%","58 : 42"
"28","Karolinska Institute","Sweden","7,774","11.5","22%","70 : 30"
"29","Peking University","China","40,148","8.3","14%","53:47"
"30","École Polytechnique Fédérale de Lausanne","Switzerland","9,666","10.5","54%","27 : 73"
"30","LMU Munich","Germany","35,691","15.5","13%","62 : 38"
"32","New York University","United States","42,056","6.8","19%","55 : 45"
"33","Georgia Institute of Technology","United States","19,967","20.1","26%","31 : 69"
"33","University of Melbourne","Australia","40,128","23.7","35%","55 : 45"
"35","Tsinghua University","China","39,763","13.7","10%","32 : 68"
"36","University of British Columbia","Canada","50,152","17.6","25%","54 : 46"
"36","University of Illinois at Urbana-Champaign","United States","42,727","18.7","20%","47 : 53"
"36","King’s College London","United Kingdom","21,394","11.4","37%","61 : 39"
"39","University of Tokyo","Japan","26,199","5.7","10%",""
"40","KU Leuven","Belgium","42,503","41.9","18%","54 : 46"
"41","University of California, San Diego","United States","27,233","6.5","11%","48 : 52"
"42","McGill University","Canada","31,326","13.7","23%","56 : 44"
"43","Heidelberg University","Germany","28,881","24.5","17%","55 : 45"
"43","University of Hong Kong","Hong Kong","19,835","17.6","38%","53 : 47"
"45","University of Wisconsin-Madison","United States","39,655","10.8","11%","51 : 49"
"46","Technical University of Munich","Germany","35,565","31.5","20%","33 : 67"
"47","Australian National University","Australia","14,604","19.2","35%","52 : 48"
"48","University of California, Santa Barbara","United States","22,020","27.3","11%","52 : 48"
"49","Hong Kong University of Science and Technology","Hong Kong","11,385","23.8","36%",""
"50","University of Texas at Austin","United States","49,427","17.4","9%","51 : 49"
"51","Brown University","United States","8,653","10.1","19%",""
"51","University of California, Davis","United States","35,364","13.9","13%","54 : 46"
"53","University of Minnesota","United States","46,825","18","13%","52 : 48"
"54","Nanyang Technological University","Singapore","25,028","16.2","33%","48 : 52"
"55","University of Manchester","United Kingdom","34,938","15.3","34%","52 : 48"
"56","University of North Carolina at Chapel Hill","United States","26,518","7.3","8%","58 : 42"
"57","Humboldt University of Berlin","Germany","29,987","52.5","16%",""
"57","Washington University in St Louis","United States","12,528","5.7","17%",""
"59","Delft University of Technology","Netherlands","15,920","19.4","25%","26 : 74"
"60","The University of Queensland","Australia","34,718","32.7","27%","53 : 47"
"60","University of Southern California","United States","36,534","12.9","20%","52 : 48"
"60","University of Sydney","Australia","60,711","20","28%","57 : 43"
"63","University of Amsterdam","Netherlands","24,570","14.4","11%","53 : 47"
"64","Boston University","United States","24,789","8.6","17%","58 : 42"
"65","Wageningen University & Research","Netherlands","9,248","17","21%","56 : 44"
"66","École Normale Supérieure","France","2,400","7.9","20%","46 : 54"
"67","University of Maryland, College Park","United States","31,331","8.4","9%","48 : 52"
"68","Pennsylvania State University","United States","44,501","12.4","12%","46 : 54"
"69","Erasmus University Rotterdam","Netherlands","26,212","18.9","21%","48 : 52"
"70","Purdue University","United States","39,256","18.1","22%","42 : 58"
"71","University of Bristol","United Kingdom","17,906","14","25%","53 : 47"
"72","Ohio State University","United States","51,462","13.4","12%","49 : 51"
"72","Seoul National University","Korea, Republic of","26,389","13.9","10%",""
"74","Monash University","Australia","50,882","40.5","36%","56 : 44"
"75","Free University of Berlin","Germany","33,062","39.3","20%","58 : 42"
"76","Chinese University of Hong Kong","Hong Kong","17,916","10.2","22%","53 : 47"
"77","Leiden University","Netherlands","21,222","17.1","10%","59 : 41"
"78","University of New South Wales","Australia","39,479","25.9","27%","47 : 53"
"78","RWTH Aachen University","Germany","37,917","27.6","16%","31 : 69"
"80","University of Groningen","Netherlands","30,000","25.6","15%","52 : 48"
"80","University of Pittsburgh","United States","26,485","5.8","10%","51 : 49"
"82","Dartmouth College","United States","6,178","6.6","16%","47 : 53"
"82","Emory University","United States","12,338","4.5","18%","56 : 44"
"82","Technical University of Berlin","Germany"
"82","University of Warwick","United Kingdom","18,529","16.6","37%","48 : 52"
"86","Utrecht University","Netherlands","30,779","15.4","7%","59 : 41"
"87","Rice University","United States","6,333","9","26%","44 : 56"
"88","University of Glasgow","United Kingdom","22,616","16","29%","57 : 43"
"89","Korea Advanced Institute of Science and Technology (KAIST)","Korea, Republic of","9,027","10","9%","20 : 80"
"89","University of Tübingen","Germany","28,327","38.9","12%","58 : 42"
"91","University of Helsinki","Finland","23,505","15.1","6%","66 : 34"
"91","Kyoto University","Japan","22,809","5.6","7%",""
"93","Uppsala University","Sweden","25,266","18.2","12%","57 : 43"
"94","Maastricht University","Netherlands","15,626","18.9","48%","56 : 44"
"95","University of Freiburg","Germany","26,467","31.2","16%","52 : 48"
"96","Durham University","United Kingdom","15,489","15.7","24%","54 : 46"
"96","Lund University","Sweden","28,251","11.5","15%",""
"98","Aarhus University","Denmark","23,895","13.6","14%","54 : 46"
"98","University of Basel","Switzerland","12,551","17.3","24%","54 : 46"
"98","University of California, Irvine","United States","26,614","16.1","16%","52 : 48"
"101","Michigan State University","United States","44,750","15.7","15%","51 : 49"
"102","University of Mannheim","Germany","11,761","85.8","15%","55 : 45"
"103","University of Montreal","Canada","38,264","20.3","25%","57 : 43"
"104","Georgetown University","United States","15,408","8.5","14%","53 : 47"
"104","Pohang University of Science and Technology","Korea, Republic of","3,055","10.1","4%","20 : 80"
"106","University of Zurich","Switzerland","26,583","6.5","19%","57 : 43"
"107","University of Alberta","Canada","36,299","21.6","23%","55 : 45"
"108","Vanderbilt University","United States","12,161","3.6","10%","52 : 48"
"109","University of Sheffield","United Kingdom","23,311","15.5","31%","50 : 50"
"110","University of Bern","Switzerland","14,708","22.5","14%","54 : 46"
"110","University of St Andrews","United Kingdom","8,338","12.7","47%","56 : 44"
"112","University of Göttingen","Germany","25,581","25.6","12%","51 : 49"
"113","University of Bonn","Germany","32,474","70.4","13%","55 : 45"
"113","McMaster University","Canada","23,823","19.3","15%","53 : 47"
"113","Queen Mary University of London","United Kingdom","14,260","14","40%","52 : 48"
"116","University of Colorado Boulder","United States","29,325","16.1","8%","45 : 55"
"116","École Polytechnique","France","2,429","4.8","30%","18 : 82"
"118","Ghent University","Belgium","32,166","34.1","9%","57 : 43"
"119","City University of Hong Kong","Hong Kong","10,015","7.1","28%","51 : 49"
"120","University of Copenhagen","Denmark","27,545","4.1","19%","67 : 33"
"121","Pierre and Marie Curie University","France","27,862","8.7","18%","48 : 52"
"121","Radboud University Nijmegen","Netherlands","17,713","13","10%","58 : 42"
"121","University of Southampton","United Kingdom","20,925","13.5","29%","53 : 47"
"121","University of Virginia","United States","23,845","10.2","12%","52 : 48"
"125","University of Western Australia","Australia","20,851","20.7","27%","50 : 50"
"126","Case Western Reserve University","United States","9,259","6.4","17%","48 : 52"
"126","University of Exeter","United Kingdom","17,755","18.8","28%","54 : 46"
"128","Université Catholique de Louvain","Belgium","28,856","42","19%","54 : 46"
"129","University of York","United Kingdom","14,543","15.8","26%","55 : 45"
"130","University of Birmingham","United Kingdom","25,295","16.4","23%","54 : 46"
"131","Arizona State University","United States","83,236","29.9","9%","50 : 50"
"132","University of Oslo","Norway","27,139","18.8","18%",""
"133","University of Leeds","United Kingdom","27,703","14.7","21%","58 : 42"
"134","University of Florida","United States","50,095","18.7","9%","54 : 46"
"135","Tufts University","United States","10,410","10","14%","54 : 46"
"135","Ulm University","Germany","9,187","11.2","10%","47 : 53"
"137","University of Geneva","Switzerland","15,668","15","39%","61 : 39"
"137","Lancaster University","United Kingdom","11,512","14.9","33%","52 : 48"
"137","Scuola Normale Superiore di Pisa","Italy","462","16.5","5%","28 : 72"
"137","Sungkyunkwan University (SKKU)","Korea, Republic of","24,365","20.3","9%","39 : 61"
"141","Rutgers, the State University of New Jersey","United States","37,032","17.3","8%","51 : 49"
"142","University of Adelaide","Australia","20,771","30.1","26%","48 : 52"
"143","University of Notre Dame","United States","11,829","13.8","10%","44 : 56"
"144","Karlsruhe Institute of Technology","Germany","25,294","24.6","16%","26 : 74"
"144","Stockholm University","Sweden","31,715","23.7","8%","62 : 38"
"146","University of California, Santa Cruz","United States","17,404","22.7","1%","53 : 47"
"147","University of Nottingham","United Kingdom","30,144","15","27%","54 : 46"
"148","University of Cape Town","South Africa","20,040","12.1","18%","53 : 47"
"149","University of Sussex","United Kingdom","12,001","17.4","35%","54 : 46"
"150","Indiana University","United States","62,468","13.6","13%","53 : 47"
"151","University of Lausanne","Switzerland","11,964","13.1","22%",""
"151","University of Rochester","United States","9,390","4.5","26%","49 : 51"
"153","University of Science and Technology of China","China","14,290","7.9","2%",""
"153","University of Twente","Netherlands","6,631","12","26%","37 : 63"
"155","Fudan University","China","32,175","12.2","11%","50 : 50"
"156","University of Arizona","United States","36,429","12.7","8%","52 : 48"
"156","VU University Amsterdam","Netherlands","23,280","16.3","6%","56 : 44"
"158","University of Liverpool","United Kingdom","18,815","13.6","30%","52 : 48"
"159","KTH Royal Institute of Technology","Sweden","12,062","14.6","21%","30 : 70"
"160","University of Erlangen-Nuremberg","Germany","36,146","53.9","9%","49 : 51"
"161","University of Münster","Germany","39,838","46.1","8%","53 : 47"
"161","University of Vienna","Austria","34,651","20.5","25%","67 : 33"
"163","Autonomous University of Barcelona","Spain","48,881","12.3","17.6%","59 : 41"
"164","TU Dresden","Germany","35,487","37.4","12%","42 : 58"
"165","University of Auckland","New Zealand","29,787","18.9","28%","54 : 46"
"165","University of California, Riverside","United States","20,626","22","12%","51 : 49"
"165","University of East Anglia","United Kingdom","14,992","14.7","28%","58 : 42"
"165","University of Massachusetts","United States","56,959","13","11%","49 : 51"
"169","Texas A&M University","United States","50,657","21.4","9%","47 : 53"
"170","University of Cologne","Germany","43,280","43.4","11%","60 : 40"
"170","University of Gothenburg","Sweden","26,420","16.4","12%",""
"172","University of Leicester","United Kingdom","14,541","13.4","35%","54 : 46"
"173","Royal Holloway, University of London","United Kingdom","8,747","15.9","37%","57 : 43"
"173","University of Waterloo","Canada","30,726","24.2","14%","45 : 55"
"175","Pompeu Fabra University","Spain","10,901","18.3","13%","59 : 41"
"176","Technical University of Denmark","Denmark","9,990","5","18%","27 : 73"
"177","Eindhoven University of Technology","Netherlands","8,176","16","14%","19 : 81"
"178","University of Luxembourg","Luxembourg","5,144","15.9","52%","50 : 50"
"179","Paris-Sud University","France","27,603","15","17%",""
"180","University of Dundee","United Kingdom","11,628","15.3","25%","60 : 40"
"180","University of Hamburg","Germany"
"182","Cardiff University","United Kingdom","23,347","13.1","23%","57 : 43"
"182","University of Miami","United States","15,286","5.7","14%","50 : 50"
"182","Northeastern University","United States","18,539","15.1","26%","50 : 50"
"182","University of the Witwatersrand","South Africa","23,321","18.6","9%","56 : 44"
"186","Hebrew University of Jerusalem","Israel","17,612","10.7","5%","55 : 45"
"186","University of Würzburg","Germany","26,576","38.4","8%","57 : 43"
"188","University of Aberdeen","United Kingdom","12,938","15.8","33%","54 : 46"
"188","Lomonosov Moscow State University","Russian Federation","30,822","7.7","20%","43 : 57"
"190","Newcastle University","United Kingdom","24,696","15.2","29%","50 : 50"
"190","Scuola Superiore Sant’Anna","Italy","769","8.5","17%","35 : 65"
"192","Hong Kong Polytechnic University","Hong Kong","22,064","25.9","26%","51 : 49"
"192","University of Reading","United Kingdom","12,050","14.8","28%","55 : 45"
"194","University of Konstanz","Germany","10,930","59.1","12%","54 : 46"
"195","University of Calgary","Canada","28,341","16.5","17%","53 : 47"
"195","National Taiwan University","Taiwan","31,891","11.9","7%","39 : 61"
"197","University of Duisburg-Essen","Germany","41,960","46.6","19%","49 : 51"
"198","Brandeis University","United States","5,495","12.6","22%","55 : 45"
"198","Tilburg University","Netherlands","7,576","22.4","10%","49 : 51"
"200","University of Illinois at Chicago","United States","24,313","9.2","17%","53 : 47"
"201-250","Aalborg University","Denmark","17,422","15.9","15%","48 : 52"
"201-250","Aalto University","Finland","16,099","24.2","17%","32 : 68"
"201-250","University of Antwerp","Belgium","12,346","30.3","16%","56 : 44"
"201-250","University of Barcelona","Spain","47,491","12.2","10%","62 : 38"
"201-250","University of Bergen","Norway","11,623","11.1","12%","60 : 40"
"201-250","Birkbeck, University of London","United Kingdom","9,454","17.2","38%","55 : 45"
"201-250","University of Bologna","Italy","85,532","22.9","7%","56 : 44"
"201-250","Boston College","United States","13,216","17.4","19%","54 : 46"
"201-250","CentraleSupélec","France","4,294","11.7","30%","23 : 77"
"201-250","University of Cincinnati","United States","36,108","15.7","6%","54 : 46"
"201-250","University of Delaware","United States","19,262","15.9","10%","56 : 44"
"201-250","École Normale Supérieure de Lyon","France","2,218","8","14%","49 : 51"
"201-250","Florida State University","United States","41,226","31.8","7%","55 : 45"
"201-250","George Washington University","United States","20,541","12","16%","56 : 44"
"201-250","Goethe University Frankfurt","Germany","31,861","9.3","15%","60 : 40"
"201-250","University of Hawai’i at Mānoa","United States","16,773","11.1","13%","55 : 45"
"201-250","University of Iceland","Iceland","13,960","25.9","8%","66 : 34"
"201-250","Indian Institute of Science","India","3,318","8.2","1%","19 : 81"
"201-250","University of Iowa","United States","27,526","11.6","11%","52 : 48"
"201-250","University of Kiel","Germany","24,444","23.8","8%","53 : 47"
"201-250","King Abdulaziz University","Saudi Arabia","35,889","8.4","21%","57 : 43"
"201-250","Korea University","Korea, Republic of","24,043","15.8","14%",""
"201-250","Université Libre de Bruxelles","Belgium","23,819","26.1","32%","54 : 46"
"201-250","Nanjing University","China","29,743","13.3","10%","46 : 54"
"201-250","National University of Ireland, Galway","Ireland","14,067","26.8","14%","56 : 44"
"201-250","University of Newcastle","Australia","23,508","21.9","18%","56 : 44"
"201-250","North Carolina State University","United States","30,533","13.6","11%","44 : 56"
"201-250","University of Otago","New Zealand","18,600","20.3","21%","57 : 43"
"201-250","University of Oulu","Finland","14,056","8.5","6%","49 : 51"
"201-250","Paris Descartes University","France","34,691","26.9","15%","63 : 37"
"201-250","Paris Diderot University – Paris 7","France","27,756","14.8","17%","63 : 37"
"201-250","Polytechnic University of Milan","Italy","30,025","22.2","12%","34 : 66"
"201-250","Queen’s University","Canada","20,488","22.1","10%","58 : 42"
"201-250","Queen’s University Belfast","United Kingdom","17,940","17.9","30%","54 : 46"
"201-250","Queensland University of Technology","Australia","33,391","35.8","17%","54 : 46"
"201-250","Royal College of Surgeons in Ireland","Ireland","2,473","15.6","63%","55 : 45"
"201-250","Shanghai Jiao Tong University","China","38,191","12.8","6%","37 : 63"
"201-250","Simon Fraser University","Canada","26,640","28.3","19%","55 : 45"
"201-250","University of South Florida","United States","31,424","21.5","10%",""
"201-250","St George’s, University of London","United Kingdom","2,958","13.4","17%","61 : 39"
"201-250","Stony Brook University","United States","21,908","10.9","24%","50 : 50"
"201-250","University of Stuttgart","Germany","24,099","45.4","20%","31 : 69"
"201-250","Technical University of Darmstadt","Germany","20,300","53.6","18%","28 : 72"
"201-250","Tel Aviv University","Israel","23,977","24.4","4%",""
"201-250","University of Texas at Dallas","United States","24,554","21.1","24%","43 : 57"
"201-250","Tohoku University","Japan","17,200","5","7%","25 : 75"
"201-250","University of Trento","Italy","16,841","43.2","8%","51 : 49"
"201-250","University College Dublin","Ireland","22,193","24.5","23%",""
"201-250","University of Utah","United States","25,674","16.9","9%","45 : 55"
"201-250","Wake Forest University","United States","7,326","4.6","5%","51 : 49"
"201-250","University of Western Ontario","Canada","27,387","20.7","16%","54 : 46"
"201-250","Zhejiang University","China","47,508","15.9","5%","41 : 59"
"251-300","University of Bath","United Kingdom","12,830","18.8","30%","46 : 54"
"251-300","Bayreuth University","Germany","12,520","35.5","8%","46 : 54"
"251-300","Bielefeld University","Germany","23,683","67.8","8%","57 : 43"
"251-300","University at Buffalo","United States","25,668","19","19%","47 : 53"
"251-300","Chalmers University of Technology","Sweden","8,605","11.6","15%","30 : 70"
"251-300","Charles Darwin University","Australia","5,570","25.4","15%","67 : 33"
"251-300","Colorado School of Mines","United States","5,287","18.2","12%","26 : 74"
"251-300","Copenhagen Business School","Denmark","18,293","42.7","19%","48 : 52"
"251-300","Dalhousie University","Canada","15,064","14.4","18%","55 : 45"
"251-300","Deakin University","Australia","32,713","30.4","17%","60 : 40"
"251-300","Free University of Bozen-Bolzano","Italy"
"251-300","University of Fribourg","Switzerland","10,416","46.9","19%","58 : 42"
"251-300","Griffith University","Australia","30,251","22","21%",""
"251-300","University of Hohenheim","Germany","9,163","41.2","13%","56 : 44"
"251-300","James Cook University","Australia","11,713","21.9","11%","63 : 37"
"251-300","Johannes Gutenberg University of Mainz","Germany","35,609","32.6","10%","58 : 42"
"251-300","Koç University","Turkey","4,488","14.6","8%","52 : 48"
"251-300","Laval University","Canada","27,227","16.2","12%",""
"251-300","Macquarie University","Australia","27,930","20","44%","55 : 45"
"251-300","University of Marburg","Germany"
"251-300","Mines ParisTech","France","1,283","5.6","22%","28 : 72"
"251-300","National Tsing Hua University","Taiwan","10,221","13.5","5%","33 : 67"
"251-300","Norwegian University of Science and Technology","Norway","17,381","13.9","9%","46 : 54"
"251-300","Oregon Health and Science University","United States","2,838","1.1","3%","65 : 35"
"251-300","Osaka University","Japan","23,144","7.8","9%","31 : 69"
"251-300","University of Ottawa","Canada","36,733","26.3","15%","60 : 40"
"251-300","Rensselaer Polytechnic Institute","United States","6,671","15","16%","30 : 70"
"251-300","Ruhr University Bochum","Germany","38,675","46.3","13%","48 : 52"
"251-300","Rush University","United States","1,855","2.1","5%","71 : 29"
"251-300","University of São Paulo","Brazil","81,402","14.6","4%","48 : 52"
"251-300","Sapienza University of Rome","Italy","120,986","32.3","7%","59 : 41"
"251-300","University of South Australia","Australia","18,971","26.2","32%","59 : 41"
"251-300","University of Southern Denmark","Denmark","22,210","12.7","16%","52 : 48"
"251-300","University of Surrey","United Kingdom","12,063","16.6","38%","55 : 45"
"251-300","Swedish University of Agricultural Sciences","Sweden","3,879","4.6","","67 : 33"
"251-300","Syracuse University","United States","19,660","15.9","15%","55 : 45"
"251-300","University of Tampere","Finland","10,045","9.5","4%","66 : 34"
"251-300","University of Technology Sydney","Australia","40,639","44.1","31%","53 : 47"
"251-300","University of Tennessee, Knoxville","United States","24,716","17","5%",""
"251-300","Tokyo Institute of Technology","Japan","9,586","7.3","13%","13 : 87"
"251-300","Umeå University","Sweden","16,667","11.9","7%","60 : 40"
"251-300","Vienna University of Technology","Austria","26,419","52","27%","27 : 73"
"251-300","Virginia Polytechnic Institute and State University","United States","30,850","18.6","10%","42 : 58"
"251-300","William & Mary","United States","7,867","11.8","7%","54 : 46"
"251-300","University of Wollongong","Australia","32,208","28.9","42%","50 : 50"
"251-300","Yonsei University","Korea, Republic of","24,774","11.6","14%",""
"301-350","Aberystwyth University","United Kingdom","9,252","19.2","18%","48 : 52"
"301-350","Aix-Marseille University","France","71,749","45.5","13%","61 : 39"
"301-350","University of Alaska Fairbanks","United States","3,837","8.2","7%","53 : 47"
"301-350","Anglia Ruskin University","United Kingdom","17,576","26.7","25%","60 : 40"
"301-350","Bangor University","United Kingdom","9,567","19.5","22%","55 : 45"
"301-350","University of Bordeaux","France","51,239","19.4","12%","58 : 42"
"301-350","University of Bremen","Germany","18,590","25.6","11%","50 : 50"
"301-350","Brunel University London","United Kingdom","12,613","17.6","38%","46 : 54"
"301-350","Central European University","Hungary","1,277","7","78%","51 : 49"
"301-350","Clark University","United States","3,246","11.9","23%","57 : 43"
"301-350","Colorado State University","United States","26,769","19","5%","52 : 48"
"301-350","University of Connecticut","United States","25,742","13","11%","51 : 49"
"301-350","University of Crete","Greece","14,650","26.9","5%","63 : 37"
"301-350","University of Denver","United States"
"301-350","University of Essex","United Kingdom","12,695","19.8","39%","55 : 45"
"301-350","Federal University of Toulouse Midi-Pyrénées","France"
"301-350","George Mason University","United States","26,622","17","7%","54 : 46"
"301-350","University of Georgia","United States","33,119","19.9","7%","57 : 43"
"301-350","Goldsmiths, University of London","United Kingdom","7,165","18.1","37%","66 : 34"
"301-350","Gwangju Institute of Science and Technology","Korea, Republic of","1,394","9.6","8%","25 : 75"
"301-350","University of Innsbruck","Austria","18,209","16.9","39%","54 : 46"
"301-350","Justus Liebig University Giessen","Germany","25,682","53.9","9%","62 : 38"
"301-350","University of Kent","United Kingdom","17,638","14.4","27%","53 : 47"
"301-350","University of Liège","Belgium","20,951","25.9","23%","54 : 46"
"301-350","Linköping University","Sweden","17,866","7.7","10%","52 : 48"
"301-350","Loughborough University","United Kingdom","13,951","15.9","22%","38 : 62"
"301-350","University of Milan","Italy","58,618","24.3","5%","60 : 40"
"301-350","Moscow Institute of Physics and Technology","Russian Federation","5,395","7","12%",""
"301-350","Nagoya University","Japan","15,529","7.9","10%","29 : 71"
"301-350","University of Navarra","Spain","11,259","10.6","16%","52 : 48"
"301-350","University of Nebraska-Lincoln","United States","21,789","16.4","9%","46 : 54"
"301-350","University of Oregon","United States","24,418","20.2","11%","52 : 48"
"301-350","Oregon State University","United States","22,578","16.8","9%","47 : 53"
"301-350","University of Padua","Italy","62,577","18.3","4%","56 : 44"
"301-350","University of Pavia","Italy","22,958","40.6","6%","56 : 44"
"301-350","Royal Veterinary College","United Kingdom","1,819","10.9","18%","77 : 23"
"301-350","Sabancı University","Turkey","2,739","15.9","6%","39 : 61"
"301-350","Saint Louis University","United States","11,919","5.8","8%","58 : 42"
"301-350","University of Stirling","United Kingdom","7,828","15.9","22%","61 : 39"
"301-350","University of Strasbourg","France","46,208","17.8","21%","58 : 42"
"301-350","Swansea University","United Kingdom","12,801","17.1","20%","49 : 51"
"301-350","University of Tartu","Estonia","10,269","13","3%","66 : 34"
"301-350","University of Tasmania","Australia","18,340","23.8","21%","57 : 43"
"301-350","Technical University of Dortmund","Germany","29,143","88.9","10%","47 : 53"
"301-350","Technion Israel Institute of Technology","Israel","13,855","19.4","4%","35 : 65"
"301-350","Temple University","United States","33,268","13.3","5%","51 : 49"
"301-350","University of Turku","Finland","12,326","14.6","5%","61 : 39"
"301-350","University of Victoria","Canada","17,581","21.5","11%","56 : 44"
"301-350","Vrije Universiteit Brussel","Belgium","9,020","17.1","16%","55 : 45"
"301-350","York University","Canada","48,007","39.4","9%","59 : 41"
"351-400","Aston University","United Kingdom","8,834","17.8","31%","48 : 52"
"351-400","Autonomous University of Madrid","Spain","28,296","13","15%","56 : 44"
"351-400","Bilkent University","Turkey","9,370","13.6","3%","46 : 54"
"351-400","Binghamton University, State University of New York","United States","15,799","23.3","14%","48 : 52"
"351-400","University of Calabria","Italy"
"351-400","University of Canterbury","New Zealand","12,187","16.5","20%","51 : 49"
"351-400","City, University of London","United Kingdom","13,053","17.8","50%","55 : 45"
"351-400","Claude Bernard University Lyon 1","France","35,308","16.1","11%","50 : 50"
"351-400","University College Cork","Ireland","15,805","22.3","15%","55 : 45"
"351-400","University of Cyprus","Cyprus","6,880","22.9","8%","69 : 31"
"351-400","Drexel University","United States","20,713","10.8","18%","48 : 52"
"351-400","University of Eastern Finland","Finland","10,798","17.3","6%","64 : 36"
"351-400","École des Ponts ParisTech","France","1,560","10.1","49%","31 : 69"
"351-400","Flinders University","Australia","15,655","22.6","15%","63 : 37"
"351-400","Graz University of Technology","Austria","7,542","12.5","16%","22 : 78"
"351-400","University of Guelph","Canada","21,643","28.3","4%","60 : 40"
"351-400","Hanyang University","Korea, Republic of","16,729","10.4","19%",""
"351-400","Hong Kong Baptist University","Hong Kong","10,441","11","25%","61 : 39"
"351-400","University of Houston","United States","40,325","43.7","9%","50 : 50"
"351-400","Indian Institute of Technology Bombay","India","8,327","14.9","1%","16 : 84"
"351-400","Iowa State University","United States","29,991","17.4","11%","44 : 56"
"351-400","ITMO University","Russian Federation","10,631","10","9%","36 : 64"
"351-400","University of Kaiserslautern","Germany","14,184","54.4","14%","36 : 64"
"351-400","University of Kansas","United States"
"351-400","University of Kentucky","United States"
"351-400","Kyung Hee University","Korea, Republic of","24,356","17.4","14%",""
"351-400","Kyushu University","Japan","18,925","6.7","8%","28 : 72"
"351-400","La Trobe University","Australia","22,037","29","27%","63 : 37"
"351-400","Leibniz University of Hanover","Germany","22,401","62.7","12%","41 : 59"
"351-400","University of Macau","Macao","8,521","14.9","31%","58 : 42"
"351-400","University of Milan-Bicocca","Italy","33,370","72.5","5%","60 : 40"
"351-400","University of Missouri","United States","29,885","14.1","5%","53 : 47"
"351-400","Montpellier University","France","36,731","18.4","14%","51 : 49"
"351-400","National University of Ireland, Maynooth","Ireland","7,653","28","11%","55 : 45"
"351-400","Norwegian University of Life Sciences","Norway"
"351-400","University of Oklahoma","United States"
"351-400","Örebro University","Sweden","8,788","15.8","2%","61 : 39"
"351-400","Paris-Sorbonne University – Paris 4","France","21,580","27.4","21%","69 : 31"
"351-400","Plymouth University","United Kingdom","24,121","25.9","13%","52 : 48"
"351-400","Polytechnic University of Turin","Italy","27,709","19.6","16%","29 : 71"
"351-400","University of Salerno","Italy"
"351-400","Swinburne University of Technology","Australia","20,314","36.5","33%","44 : 56"
"351-400","University of Texas at San Antonio","United States","27,520","26.9","6%","48 : 52"
"351-400","Toyota Technological Institute","Japan"
"351-400","University of Trieste","Italy","18,135","25.8","9%","56 : 44"
"351-400","Tulane University","United States","11,381","8.4","8%","56 : 44"
"351-400","University of Turin","Italy","67,552","66","6%","62 : 38"
"351-400","Victoria University","Australia"
"351-400","Victoria University of Wellington","New Zealand","17,142","21.1","21%","55 : 45"
"351-400","Washington State University","United States","24,550","18.3","7%","50 : 50"
"351-400","Wayne State University","United States","23,065","10.7","7%","57 : 43"
"401-500","American University","United States","11,604","12","12%","60 : 40"
"401-500","Aristotle University of Thessaloniki","Greece","46,288","22.2","9%","52 : 48"
"401-500","Atilim University","Turkey","6,220","28.5","2%",""
"401-500","University of Aveiro","Portugal","10,791","17.8","10%","51 : 49"
"401-500","University of Bari Aldo Moro","Italy","51,560","65.1","2%","65 : 35"
"401-500","Bar-Ilan University","Israel","17,503","16","5%","59 : 41"
"401-500","University of Bergamo","Italy"
"401-500","Boğaziçi University","Turkey","11,506","25","7%","50 : 50"
"401-500","University of Brescia","Italy","14,076","25","7%","48 : 52"
"401-500","University of Canberra","Australia","11,221","28.6","24%","54 : 46"
"401-500","Central Queensland University","Australia","11,452","29.6","27%","59 : 41"
"401-500","Charles University in Prague","Czech Republic","51,438","13","15%","62 : 38"
"401-500","Chung-Ang University","Korea, Republic of","13,015","17.4","17%","45 : 55"
"401-500","University of Coimbra","Portugal","22,795","19","11%","55 : 45"
"401-500","Curtin University","Australia","30,333","17.1","38%","53 : 47"
"401-500","Cyprus University of Technology","Cyprus","2,631","15.2","6%","57 : 43"
"401-500","Dublin City University","Ireland","8,546","22.9","17%","51 : 49"
"401-500","École Normale Supérieure de Cachan","France","1,304","6.7","9%","31 : 69"
"401-500","Ewha Womans University","Korea, Republic of","17,625","14.4","6%","100 : 0"
"401-500","Federico Santa María Technical University","Chile","11,718","34","2%","24 : 76"
"401-500","University of Ferrara","Italy","18,882","30.2","7%","56 : 44"
"401-500","University of Florence","Italy","54,290","17.2","7%","59 : 41"
"401-500","Florida International University","United States","32,566","25.9","7%","56 : 44"
"401-500","University of Genoa","Italy","37,373","29.5","9%","56 : 44"
"401-500","Georgia State University","United States","28,534","20.4","5%","59 : 41"
"401-500","University of Graz","Austria","20,584","26.8","12%","65 : 35"
"401-500","University of Greifswald","Germany","10,931","24","6%","55 : 45"
"401-500","Hasselt University","Belgium"
"401-500","Heriot-Watt University","United Kingdom","8,773","17.8","43%","41 : 59"
"401-500","Higher School of Economics","Russian Federation","14,823","8","3%","54 : 46"
"401-500","Hokkaido University","Japan","18,162","8.2","9%","29 : 71"
"401-500","Huazhong University of Science and Technology","China","57,242","17.7","4%","34 : 66"
"401-500","Indian Institute of Technology Delhi","India","8,371","17.3","1%","18 : 82"
"401-500","Indian Institute of Technology Kanpur","India","6,167","12.2","0%","13 : 87"
"401-500","Indian Institute of Technology Madras","India","8,234","15.9","1%","19 : 81"
"401-500","Johannes Kepler University of Linz","Austria","19,646","29.1","10%","48 : 52"
"401-500","University of Jyväskylä","Finland","9,703","15.2","5%","62 : 38"
"401-500","Kazan Federal University","Russian Federation","23,321","12.2","6%","69 : 31"
"401-500","Keele University","United Kingdom","8,397","15.7","20%","55 : 45"
"401-500","Kent State University","United States","23,122","19","8%","58 : 42"
"401-500","King Fahd University of Petroleum and Minerals","Saudi Arabia","6,898","7.1","20%","-"
"401-500","Lehigh University","United States","6,300","11.3","15%","44 : 56"
"401-500","University of Lille","France"
"401-500","Lincoln University","New Zealand"
"401-500","University of Lisbon","Portugal","47,849","17.5","9%","51 : 49"
"401-500","Makerere University","Uganda","37,340","29.4","9%","50 : 50"
"401-500","University of Manitoba","Canada","28,576","27.8","11%","55 : 45"
"401-500","Marche Polytechnic University","Italy","16,589","23","4%","45 : 55"
"401-500","University of Maryland, Baltimore County","United States","13,908","18.1","7%","46 : 54"
"401-500","Massey University","New Zealand","19,101","16.8","15%","62 : 38"
"401-500","University of Modena and Reggio Emilia","Italy","19,693","25.3","6%","54 : 46"
"401-500","University of Montana","United States","12,470","15.2","3%","54 : 46"
"401-500","Murdoch University","Australia","16,606","32.8","43%","59 : 41"
"401-500","University of Nantes","France","33,866","22.2","11%","56 : 44"
"401-500","University of Naples Federico II","Italy","83,653","64.2","1%",""
"401-500","National Cheng Kung University (NCKU)","Taiwan","21,234","14.4","11%","36 : 64"
"401-500","National Chiao Tung University","Taiwan","12,646","16.6","5%","27 : 73"
"401-500","National Research Nuclear University MePhI","Russian Federation","7,801","7.3","7%","29 : 71"
"401-500","National Taiwan University of Science and Technology (Taiwan Tech)","Taiwan","7,446","17.4","11%","34 : 66"
"401-500","University of Neuchâtel","Switzerland","4,358","8.5","22%","59 : 41"
"401-500","New Mexico State University","United States","15,035","18.8","7%","54 : 46"
"401-500","University of Nice Sophia Antipolis","France","27,304","20.3","22%","56 : 44"
"401-500","Northern Arizona University","United States"
"401-500","Novosibirsk State University","Russian Federation","7,131","7.1","13%","52 : 48"
"401-500","The Open University","United Kingdom","76,683","35.9","9%","61 : 39"
"401-500","Oxford Brookes University","United Kingdom","14,238","18.5","25%","57 : 43"
"401-500","Panthéon-Sorbonne University – Paris 1","France","42,215","34.3","20%","59 : 41"
"401-500","University of Pisa","Italy","47,247","18","4%","52 : 48"
"401-500","Polytechnic University of Catalonia","Spain","22,893","11.7","28%","12 : 88"
"401-500","Pontifical Catholic University of Chile","Chile","25,075","15.3","7%",""
"401-500","University of Porto","Portugal","32,720","18.8","9%","54 : 46"
"401-500","University of Portsmouth","United Kingdom","20,161","19.1","23%","45 : 55"
"401-500","Université du Québec à Montréal","Canada","27,046","24.7","9%","61 : 39"
"401-500","Renmin University of China","China","24,954","12.7","6%",""
"401-500","RMIT University","Australia","29,501","18.1","25%","47 : 53"
"401-500","University of Rome II – Tor Vergata","Italy","33,504","26.5","6%","52 : 48"
"401-500","University of Rome III","Italy","36,353","61.2","5%","59 : 41"
"401-500","University of Rovira i Virgili","Spain","12,533","12.8","9%","61 : 39"
"401-500","Saint Petersburg State University","Russian Federation","20,836","5.2","7%","60 : 40"
"401-500","University of Salento","Italy","19,959","58.4","1%","64 : 36"
"401-500","San Diego State University","United States","27,420","31.7","5%","57 : 43"
"401-500","University of Saskatchewan","Canada","19,028","16.3","14%","57 : 43"
"401-500","University of Siegen","Germany"
"401-500","Soas, University of London","United Kingdom"
"401-500","University of St Gallen","Switzerland","6,848","10.8","34%","32 : 68"
"401-500","State University of Campinas","Brazil","27,095","15.3","3%","48 : 52"
"401-500","Stellenbosch University","South Africa","21,849","23","8%","53 : 47"
"401-500","Stevens Institute of Technology","United States"
"401-500","University of Strathclyde","United Kingdom","15,705","20.2","20%","50 : 50"
"401-500","Sun Yat-sen University","China","51,351","16.6","8%","51 : 49"
"401-500","Tokyo Medical and Dental University (TMDU)","Japan","2,872","3.3","7%","51 : 49"
"401-500","Tokyo Metropolitan University","Japan","9,303","9.9","4%","35 : 65"
"401-500","University of Tsukuba","Japan","15,930","12.6","16%","38 : 62"
"401-500","UiT The Arctic University of Norway","Norway","10,398","12.2","10%","60 : 40"
"401-500","Verona University","Italy","25,250","19.7","7%","65 : 35"
"401-500","University of Waikato","New Zealand","10,159","17","25%","57 : 43"
"401-500","Western Sydney University","Australia","30,704","32.2","9%","56 : 44"
"401-500","Wuhan University","China","46,227","14.4","7%",""
"401-500","Xiamen University","China","32,921","12.3","5%","52 : 48"
"501-600","American University of Beirut","Lebanon","7,695","8.9","25%","51 : 49"
"501-600","University of Arkansas","United States","22,819","21.2","5%","50 : 50"
"501-600","Athens University of Economics and Business","Greece","13,167","57.5","6%","47 : 53"
"501-600","Auckland University of Technology","New Zealand","18,981","18.1","38%","58 : 42"
"501-600","Ben-Gurion University of the Negev","Israel","16,695","12.6","2%","49 : 51"
"501-600","Bond University","Australia","3,237","13.2","33%","52 : 48"
"501-600","Université Bourgogne Franche-Comté (UBFC)","France"
"501-600","Ca’ Foscari University of Venice","Italy","19,267","38.3","7%","66 : 34"
"501-600","University of Cagliari","Italy","30,638","51","1%","62 : 38"
"501-600","Carleton University","Canada","25,036","29.8","18%","47 : 53"
"501-600","University of Catania","Italy","55,859","49.7","1%","61 : 39"
"501-600","Catholic University of the Sacred Heart","Italy","30,304","18.9","10%",""
"501-600","University of Chile","Chile","29,207","14.2","3%","47 : 53"
"501-600","China Agricultural University","China","19,342","12","1%","57 : 43"
"501-600","China Medical University, Taiwan","Taiwan","7,983","15.4","8%","53 : 47"
"501-600","Complutense University of Madrid","Spain","86,519","17.5","13%","62 : 38"
"501-600","Concordia University","Canada","31,017","30.3","27%","50 : 50"
"501-600","Creighton University","United States","7,086","8.3","2%","57 : 43"
"501-600","East China Normal University","China","29,623","14","11%","63 : 37"
"501-600","East China University of Science and Technology","China","27,140","15.5","5%",""
"501-600","Edith Cowan University","Australia","27,491","16.1","16%","61 : 39"
"501-600","University of Granada","Spain","53,476","16","6%","56 : 44"
"501-600","Harbin Institute of Technology","China","31,658","10.8","7%","29 : 71"
"501-600","University of Hertfordshire","United Kingdom","19,665","19.4","27%","54 : 46"
"501-600","Hiroshima University","Japan","14,686","8.2","5%","36 : 64"
"501-600","University of Hull","United Kingdom","15,141","18.7","20%","52 : 48"
"501-600","Indian Institute of Technology Kharagpur","India","9,928","17.5","0%","15 : 85"
"501-600","Indian Institute of Technology Roorkee","India","8,061","18.7","1%","17 : 83"
"501-600","University of Ioannina","Greece","20,825","36.3","4%","58 : 42"
"501-600","Iran University of Science and Technology","Iran, Islamic Republic of","10,311","23.9","0%","24 : 76"
"501-600","Istanbul Technical University","Turkey","34,550","16","5%","34 : 66"
"501-600","Jadavpur University","India","10,697","16.1","0%","30 : 70"
"501-600","Kansas State University","United States","21,379","15.1","10%","50 : 50"
"501-600","Khalifa University of Science, Technology and Research","United Arab Emirates","831","7.6","26%","47 : 53"
"501-600","King Saud University","Saudi Arabia","40,666","13.4","7%",""
"501-600","University of KwaZulu-Natal","South Africa","30,572","24.9","6%","58 : 42"
"501-600","Lappeenranta University of Technology","Finland","3,486","23.9","19%","31 : 69"
"501-600","University of Limerick","Ireland","12,212","19.8","13%","46 : 54"
"501-600","Liverpool John Moores University","United Kingdom","18,513","19.8","13%","52 : 48"
"501-600","Louisiana State University","United States","28,116","20.1","6%","52 : 48"
"501-600","Mahidol University","Thailand","27,402","7.5","3%","63 : 37"
"501-600","University of Maribor","Slovenia","14,531","17.3","4%",""
"501-600","Memorial University of Newfoundland","Canada","15,464","14.6","10%","59 : 41"
"501-600","Middlesex University","United Kingdom","17,753","24.7","44%","59 : 41"
"501-600","University of Minho","Portugal","19,090","18.8","9%","52 : 48"
"501-600","Missouri University of Science and Technology","United States","7,647","15.5","12%","23 : 77"
"501-600","Montana State University","United States","12,331","17.8","4%","46 : 54"
"501-600","Monterrey Institute of Technology and Higher Education","Mexico","14,353","20.5","12%","40 : 60"
"501-600","National and Kapodistrian University of Athens","Greece","63,052","32.3","9%","61 : 39"
"501-600","National Autonomous University of Mexico","Mexico","137,378","11.6","5%","51 : 49"
"501-600","National Institute of Applied Sciences of Lyon (INSA Lyon)","France","6,137","8.2","31%","31 : 69"
"501-600","National Taiwan Normal University","Taiwan","11,072","13","19%","57 : 43"
"501-600","National Yang-Ming University","Taiwan","4,496","5.4","2%","48 : 52"
"501-600","University of Nebraska Medical Center","United States","2,857","2.6","8%","67 : 33"
"501-600","New Jersey Institute of Technology","United States","10,646","26.2","17%","25 : 75"
"501-600","Nova University of Lisbon","Portugal","18,867","17.9","7%","49 : 51"
"501-600","Oklahoma State University","United States","21,270","21.4","7%","49 : 51"
"501-600","Old Dominion University","United States"
"501-600","Otto von Guericke University of Magdeburg","Germany","14,104","13.1","13%","42 : 58"
"501-600","University of Paderborn","Germany"
"501-600","University of Palermo","Italy","43,875","22.4","1%","60 : 40"
"501-600","University of Parma","Italy","26,937","29.1","7%","56 : 44"
"501-600","Polytechnic University of Valencia","Spain","33,172","13.6","7%","36 : 64"
"501-600","Pontifical Xavierian University","Colombia"
"501-600","Pusan National University","Korea, Republic of","24,929","19.7","12%","51 : 49"
"501-600","Qatar University","Qatar","9,583","19","42%","74 : 26"
"501-600","University of Regina","Canada","11,550","22.8","12%","61 : 39"
"501-600","University of Rennes 1","France","22,186","13.9","12%","50 : 50"
"501-600","Roskilde University","Denmark"
"501-600","Sejong University","Korea, Republic of","11,704","15.5","3%","43 : 57"
"501-600","Semmelweis University","Hungary","12,920","10.9","25%","64 : 36"
"501-600","Sharif University of Technology","Iran, Islamic Republic of","10,977","18.7","0%","27 : 73"
"501-600","Université de Sherbrooke","Canada","13,438","5.4","5%","54 : 46"
"501-600","University of Siena","Italy","18,846","23.6","5%","59 : 41"
"501-600","Sogang University","Korea, Republic of","10,625","24.1","7%","43 : 57"
"501-600","Soochow University","China","36,465","12.9","2%","78 : 22"
"501-600","Southeast University","China"
"501-600","Southern Cross University","Australia","9,026","32.8","15%","66 : 34"
"501-600","State University of New York Albany","United States","15,387","18.5","8%","51 : 49"
"501-600","Tampere University of Technology","Finland","6,147","15.5","13%","23 : 77"
"501-600","University of Texas at Arlington","United States","29,396","10.5","10%","60 : 40"
"501-600","University of the Andes","Colombia","15,773","16.9","2%","44 : 56"
"501-600","University of the Basque Country","Spain","46,373","15.3","5%","53 : 47"
"501-600","University of the Sunshine Coast","Australia","6,805","30.5","14%","65 : 35"
"501-600","Tianjin University","China","29,693","12.2","1%",""
"501-600","University of Toledo","United States","19,465","17.5","9%","50 : 50"
"501-600","Tomsk Polytechnic University","Russian Federation","11,902","6.9","17%","39 : 61"
"501-600","Tomsk State University","Russian Federation","10,413","9.9","12%","60 : 40"
"501-600","Tongji University","China","37,394","13.5","10%","38 : 62"
"501-600","University of Tulsa","United States","4,597","12.5","25%","43 : 57"
"501-600","University of Ulsan","Korea, Republic of","14,037","13.3","3%",""
"501-600","Ulster University","United Kingdom","19,622","15.8","15%","55 : 45"
"501-600","United Arab Emirates University","United Arab Emirates","9,221","12.5","26%","76 : 24"
"501-600","University of Urbino Carlo Bo","Italy","13,435","37.4","7%","61 : 39"
"501-600","University of Valencia","Spain","58,413","15.4","9%","60 : 40"
"501-600","University of Warsaw","Poland","49,292","14.1","7%","67 : 33"
"501-600","Warsaw University of Technology","Poland","34,572","14.5","3%","34 : 66"
"501-600","University of Wisconsin-Milwaukee","United States","22,542","18.4","5%","52 : 48"
"501-600","Xi’an Jiaotong University","China","29,863","12.3","4%","34 : 66"
"501-600","University of Zaragoza","Spain","31,046","11.8","5%","55 : 45"
"601-800","University of A Coruña","Spain","17,062","13","2%","52 : 48"
"601-800","AGH University of Science and Technology","Poland","35,569","17","1%","-"
"601-800","Ajou University","Korea, Republic of","12,706","11.3","2%","33 : 67"
"601-800","University of Alcalá","Spain","30,812","25.1","18%","53 : 47"
"601-800","Alfaisal University","Saudi Arabia","1,079","11","35%",""
"601-800","Aligarh Muslim University","India","11,197","10.5","2%","17 : 83"
"601-800","American University of Sharjah","United Arab Emirates","5,226","14.1","82%","48 : 52"
"601-800","American University in Cairo","Egypt","5,970","13.9","8%","53 : 47"
"601-800","Amirkabir University of Technology","Iran, Islamic Republic of","14,080","25.6","1%","34 : 66"
"601-800","University of Antioquia","Colombia","38,872","23","1%","50 : 50"
"601-800","Asia University, Taiwan","Taiwan","12,119","26.3","3%","53 : 47"
"601-800","Auburn University","United States","22,386","17.6","4%","51 : 49"
"601-800","Austral University of Chile","Chile","13,794","17.8","1%","47 : 53"
"601-800","Australian Catholic University","Australia"
"601-800","Babeş-Bolyai University","Romania","37,915","23.5","2%","67 : 33"
"601-800","Bauman Moscow State Technical University","Russian Federation","18,808","4","4%","23 : 77"
"601-800","University of Bedfordshire","United Kingdom","15,054","23.9","33%","58 : 42"
"601-800","Beijing Institute of Technology","China","25,983","12.6","3%","35 : 65"
"601-800","Universidade da Beira Interior","Portugal"
"601-800","Birla Institute of Technology and Science, Pilani","India","11,837","19.5","0%","22 : 78"
"601-800","Bournemouth University","United Kingdom","14,907","25.9","18%","53 : 47"
"601-800","University of Bradford","United Kingdom","11,065","20.5","32%","53 : 47"
"601-800","University of Brighton","United Kingdom","16,924","19.5","19%","58 : 42"
"601-800","Brno University of Technology","Czech Republic","23,694","21.3","15%","27 : 73"
"601-800","Budapest University of Technology and Economics","Hungary","22,447","22.1","4%","32 : 68"
"601-800","University of Calcutta","India","18,511","32.5","0%",""
"601-800","Capital Medical University","China","11,506","7.1","3%","70 : 30"
"601-800","Carlos III University of Madrid","Spain","15,730","11.4","9%","43 : 57"
"601-800","University of Castilla-La Mancha","Spain","26,381","14.3","3%","56 : 44"
"601-800","University of Central Lancashire","United Kingdom","18,542","17.5","17%","57 : 43"
"601-800","Chang Gung University","Taiwan","7,506","12.6","0%","42 : 58"
"601-800","University of Chemistry and Technology, Prague","Czech Republic","4,699","11","19%",""
"601-800","Chiang Mai University","Thailand","35,617","16.5","1%","19 : 81"
"601-800","Chiba University","Japan","14,554","12.3","5%","37 : 63"
"601-800","China University of Geosciences (Wuhan)","China","29,483","20.7","3%",""
"601-800","China University of Petroleum (Beijing)","China","14,579","19.4","6%",""
"601-800","Chonbuk National University","Korea, Republic of","23,270","15","3%","45 : 55"
"601-800","Chonnam National University","Korea, Republic of","35,779","18.5","3%","41 : 59"
"601-800","Chulalongkorn University","Thailand","38,719","14.5","2%","59 : 41"
"601-800","Chung Yuan Christian University","Taiwan","15,020","30.2","3%","41 : 59"
"601-800","Clemson University","United States","19,198","17.1","8%","46 : 54"
"601-800","Comenius University in Bratislava","Slovakia","20,879","9.7","10%","54 : 46"
"601-800","COMSATS Institute of Information Technology","Pakistan"
"601-800","University of Concepción","Chile"
"601-800","Coventry University","United Kingdom","21,934","14.8","35%","47 : 53"
"601-800","Czech Technical University in Prague","Czech Republic","22,751","12","","-"
"601-800","Dalian University of Technology","China","34,326","15.2","2%","33 : 67"
"601-800","De Montfort University","United Kingdom","16,812","19.1","21%","57 : 43"
"601-800","University of Delhi","India","32,567","22.9","1%","50 : 50"
"601-800","Diego Portales University","Chile","15,243","14.9","2%","49 : 51"
"601-800","Dublin Institute of Technology","Ireland","13,839","18.9","25%","41 : 59"
"601-800","University of East London","United Kingdom","15,337","28.5","34%","59 : 41"
"601-800","Eastern Mediterranean University","Turkey"
"601-800","École Centrale de Lyon","France"
"601-800","Edinburgh Napier University","United Kingdom","11,433","22.6","31%","55 : 45"
"601-800","Ehime University","Japan","8,394","9.9","1%","39 : 61"
"601-800","Eötvös Loránd University","Hungary","28,698","22.4","4%",""
"601-800","Universidade Federal do ABC (UFABC)","Brazil"
"601-800","Federal University of Minas Gerais","Brazil","42,612","13.5","1%","55 : 45"
"601-800","Federal University of Paraná (UFPR)","Brazil","21,850","11.2","1%",""
"601-800","Federal University of Rio de Janeiro","Brazil","52,878","12.8","2%","54 : 46"
"601-800","Federal University of Rio Grande do Sul","Brazil","38,743","14.8","1%","50 : 50"
"601-800","Federal University of Santa Catarina","Brazil","26,078","12.6","1%","48 : 52"
"601-800","Federal University of São Paulo (UNIFESP)","Brazil"
"601-800","Feng Chia University","Taiwan","20,213","23.9","7%","36 : 64"
"601-800","Florida Institute of Technology","United States","4,408","13.7","26%","34 : 66"
"601-800","University of Ghana","Ghana","37,274","37.5","2%","41 : 59"
"601-800","Glasgow Caledonian University","United Kingdom","13,527","21.6","16%","60 : 40"
"601-800","University of Greenwich","United Kingdom","18,096","24.6","32%","53 : 47"
"601-800","Hacettepe University","Turkey","39,606","20.4","4%","56 : 44"
"601-800","University of Haifa","Israel","17,758","30.8","1%","65 : 35"
"601-800","Hofstra University","United States","9,909","13.9","8%","55 : 45"
"601-800","University of Huddersfield","United Kingdom","15,436","18.1","25%","54 : 46"
"601-800","Hunan University","China","42,756","24.7","2%","43 : 57"
"601-800","Indian Institute of Technology Guwahati","India","4,710","14.2","1%","14 : 86"
"601-800","Inha University","Korea, Republic of","20,353","24.1","3%","36 : 64"
"601-800","ISCTE-University Institute of Lisbon","Portugal","8,591","25.3","11%","49 : 51"
"601-800","Isfahan University of Technology","Iran, Islamic Republic of","10,964","26.5","1%","39 : 61"
"601-800","Istanbul University","Turkey","82,096","41.1","6%","44 : 56"
"601-800","Izmir Institute of Technology","Turkey"
"601-800","University of Jaén","Spain"
"601-800","Jagiellonian University","Poland","42,835","11.5","5%","67 : 33"
"601-800","Jikei University School of Medicine","Japan"
"601-800","Jilin University","China","65,605","13.6","3%","46 : 54"
"601-800","University of Johannesburg","South Africa","36,656","29","5%","55 : 45"
"601-800","Jordan University of Science and Technology","Jordan","24,686","16.4","23%","55 : 45"
"601-800","Juntendo University","Japan","3,955","3.7","1%","52 : 48"
"601-800","K.N. Toosi University of Technology","Iran, Islamic Republic of","7,146","24.6","0%","32 : 68"
"601-800","Kanazawa University","Japan","10,546","10.4","5%","36 : 64"
"601-800","Kaohsiung Medical University","Taiwan","7,009","12.6","5%","56 : 44"
"601-800","Keio University","Japan","33,751","11.9","5%","32 : 68"
"601-800","King Juan Carlos University","Spain"
"601-800","King Mongkut’s University of Technology Thonburi","Thailand","17,791","23.7","1%","42 : 58"
"601-800","Kingston University","United Kingdom","20,778","20.9","34%","53 : 47"
"601-800","Kindai University","Japan","31,216","11.6","2%",""
"601-800","Kobe University","Japan","15,885","8.4","6%","33 : 67"
"601-800","Kochi University","Japan"
"601-800","Konkuk University","Korea, Republic of","26,483","23.5","6%","47 : 53"
"601-800","Kumamoto University","Japan","10,226","7.6","5%","37 : 63"
"601-800","Kuwait University","Kuwait"
"601-800","Kyungpook National University","Korea, Republic of","27,152","14.4","4%","42 : 58"
"601-800","University of La Frontera","Chile"
"601-800","University of La Laguna","Spain","22,422","14.9","5%","58 : 42"
"601-800","Leeds Beckett University","United Kingdom","20,881","20.7","11%","50 : 50"
"601-800","University of Lincoln","United Kingdom","10,665","18.9","11%","54 : 46"
"601-800","University of Ljubljana","Slovenia","48,821","17.6","4%","60 : 40"
"601-800","London Metropolitan University","United Kingdom","14,615","24.7","39%","61 : 39"
"601-800","Manchester Metropolitan University","United Kingdom","28,037","18.2","14%","57 : 43"
"601-800","Masaryk University","Czech Republic","40,898","26.6","17%","62 : 38"
"601-800","Miami University","United States","16,370","20.5","7%","53 : 47"
"601-800","Middle East Technical University","Turkey","25,779","22.2","7%","44 : 56"
"601-800","University of Murcia","Spain","31,460","15.8","6%","62 : 38"
"601-800","Nagasaki University","Japan","9,137","7.2","4%","36 : 64"
"601-800","Nagoya City University","Japan"
"601-800","Nagoya Institute of Technology","Japan"
"601-800","Nanjing Agricultural University","China"
"601-800","Nanjing Medical University","China"
"601-800","Nanjing Normal University","China"
"601-800","National Central University","Taiwan","10,915","9.8","6%","31 : 69"
"601-800","National Chung Cheng University","Taiwan","11,989","22.9","1%",""
"601-800","National Chung Hsing University","Taiwan","15,632","20.3","4%","39 : 61"
"601-800","National Institute of Technology Rourkela","India"
"601-800","National University of Sciences and Technology","Pakistan","9,808","7.8","3%","27 : 73"
"601-800","National Sun Yat-Sen University","Taiwan","9,336","19.6","4%","37 : 63"
"601-800","National Taiwan Ocean University","Taiwan","8,240","20.9","5%","30 : 70"
"601-800","Niigata University","Japan","12,460","8.5","3%","37 : 63"
"601-800","University of North Carolina at Greensboro","United States","16,446","19.2","2%","66 : 34"
"601-800","Northeast Normal University","China"
"601-800","Northeastern University","China"
"601-800","Northumbria University","United Kingdom","22,750","19.3","16%","55 : 45"
"601-800","Northwestern Polytechnical University","China","23,056","14.1","3%","25 : 75"
"601-800","Nottingham Trent University","United Kingdom","21,852","17.4","18%","55 : 45"
"601-800","Oakland University","United States","14,584","19.8","2%","60 : 40"
"601-800","Ohio University","United States","22,224","20","10%","50 : 50"
"601-800","Okayama University","Japan","13,035","8.6","3%","38 : 62"
"601-800","Osaka City University","Japan","8,604","10.1","4%","36 : 64"
"601-800","University of Oviedo","Spain","24,210","13.7","5%","54 : 46"
"601-800","Palacký University in Olomouc","Czech Republic","18,540","11.4","9%","70 : 30"
"601-800","Panjab University","India","16,691","23.9","1%","46 : 54"
"601-800","University of Patras","Greece","29,251","40.9","4%","46 : 54"
"601-800","University of Pécs","Hungary","21,819","15.4","10%",""
"601-800","Peter the Great St Petersburg Polytechnic University","Russian Federation","17,155","7.2","8%","40 : 60"
"601-800","Pontifical Catholic University of Rio de Janeiro (PUC-Rio)","Brazil","14,300","21.2","3%","49 : 51"
"601-800","Pontifical Catholic University of Rio Grande do Sul (PUCRS)","Brazil","14,797","10.1","0%","50 : 50"
"601-800","University of Pretoria","South Africa","37,314","20","8%","57 : 43"
"601-800","Quaid-i-azam University","Pakistan","12,688","25.7","0%","53 : 47"
"601-800","Rochester Institute of Technology","United States","12,965","13.5","13%","34 : 66"
"601-800","University of Roehampton","United Kingdom","7,795","20.9","23%","74 : 26"
"601-800","University of Salamanca","Spain","31,035","17.9","12%","58 : 42"
"601-800","University of Salford","United Kingdom","16,152","17","25%","51 : 49"
"601-800","University of Santiago de Compostela","Spain","29,085","15.3","6%","63 : 37"
"601-800","São Paulo State University (UNESP)","Brazil","50,594","13","5%","52 : 48"
"601-800","Savitribai Phule Pune University","India","4,858","14.6","3%","25 : 75"
"601-800","University of Science and Technology Beijing","China","22,780","15.1","4%","36 : 64"
"601-800","University of Seville","Spain","64,931","17.5","7%","55 : 45"
"601-800","Shantou University","China","9,593","13.5","0%","48 : 52"
"601-800","Shinshu University","Japan","11,232","9.6","3%",""
"601-800","Shiraz University","Iran, Islamic Republic of"
"601-800","Sichuan University","China","65,035","14.5","2%","48 : 52"
"601-800","Sohag University","Egypt"
"601-800","South China University of Technology","China","41,438","17.7","3%","33 : 67"
"601-800","University of Southern Queensland","Australia","28,202","21.9","16%","54: 46"
"601-800","Sri Venkateswara University","India"
"601-800","Suez Canal University","Egypt","16,817","6","","65 : 35"
"601-800","Sultan Qaboos University","Oman","7,089","9","3%","50 : 50"
"601-800","Suranaree University of Technology","Thailand","12,650","32.9","1%","50 : 50"
"601-800","University of Szeged","Hungary","22,684","13.8","9%","58 : 42"
"601-800","Taipei Medical University","Taiwan","6,001","11.1","6%","58 : 42"
"601-800","Tallinn University of Technology","Estonia","14,061","28.6","5%","44 : 56"
"601-800","Tata Institute of Fundamental Research","India","608","2.5","","34 : 66"
"601-800","Technical University of Madrid","Spain","41,500","13.8","11%","32 : 68"
"601-800","Teesside University","United Kingdom","13,642","22.2","11%","54 : 46"
"601-800","University of Tehran","Iran, Islamic Republic of","53,802","27","1%","45 : 55"
"601-800","Tehran University of Medical Sciences","Iran, Islamic Republic of","13,912","9","1%","62 : 38"
"601-800","University of Texas at El Paso","United States","19,123","29","7%","54 : 46"
"601-800","Texas Tech University","United States","29,512","20.9","7%","46 : 54"
"601-800","Tezpur University","India","2,781","13.2","0%","32 : 68"
"601-800","University of the West of England","United Kingdom","22,525","21.4","15%","53 : 47"
"601-800","University of the West of Scotland","United Kingdom","11,652","22","11%","60 : 40"
"601-800","University of the Western Cape","South Africa"
"601-800","TOBB University of Economics and Technology","Turkey","3,958","22.4","1%","40 : 60"
"601-800","Tokushima University","Japan","7,519","8.9","3%","34 : 66"
"601-800","Tokyo University of Agriculture and Technology","Japan","5,865","14.4","5%","27 : 73"
"601-800","Tokyo University of Science","Japan","20,243","25.7","2%","20 : 80"
"601-800","Toyohashi University of Technology","Japan","2,153","9.3","9%","9 : 91"
"601-800","Universiti Kebangsaan Malaysia","Malaysia","24,227","11.8","12%","62 : 38"
"601-800","Universiti Putra Malaysia","Malaysia","23,883","12.2","16%","63 : 37"
"601-800","Universiti Sains Malaysia","Malaysia","28,179","14.8","10%","61 : 39"
"601-800","Universiti Teknologi Malaysia","Malaysia","16,270","9","13%","43 : 57"
"601-800","Universiti Teknologi Petronas","Malaysia"
"601-800","University of Vigo","Spain","22,793","19","3%","51 : 49"
"601-800","Vilnius University","Lithuania","19,019","14.2","4%","65 : 35"
"601-800","Waseda University","Japan","52,316","16.9","8%","35 : 65"
"601-800","West University of Timişoara","Romania","12,933","19","3%","62 : 38"
"601-800","University of Westminster","United Kingdom","16,609","21","43%","57 : 43"
"601-800","University of Windsor","Canada"
"601-800","Yamagata University","Japan"
"601-800","University of Yamanashi","Japan"
"601-800","Yeungnam University","Korea, Republic of","21,958","15.3","3%","48 : 52"
"601-800","Yokohama City University","Japan","4,122","3.7","3%",""
"601-800","Yuan Ze University","Taiwan","8,663","20.6","4%","43 : 57"
"801+","Acharya Nagarjuna University","India"
"801+","Adam Mickiewicz University","Poland","40,633","15.6","1%","71 : 29"
"801+","University of Agriculture Faisalabad Pakistan","Pakistan"
"801+","Ain Shams University","Egypt","129,988","12.2","2%","58 : 42"
"801+","Alexandria University","Egypt","127,431","23.3","1%","46 : 54"
"801+","Alexandru Ioan Cuza University","Romania","25,724","33","5%","63 : 37"
"801+","Amity University","India","24,093","13.3","1%","43 : 57"
"801+","Amrita University","India","17,273","6.6","8%",""
"801+","Anadolu University","Turkey","379,231","162.6","1%","78 : 22"
"801+","Andhra University","India","10,407","20.2","3%","36 : 64"
"801+","Ankara University","Turkey","60,061","16.8","4%","53 : 47"
"801+","Autonomous University of Nuevo León","Mexico","87,427","28.9","0%","47 : 53"
"801+","Autonomous University of Puebla","Mexico","56,621","14.4","0%","51 : 49"
"801+","Autonomous University of the State of Mexico","Mexico","51,720","26.2","0%","58 : 42"
"801+","Universidad Autónoma de Yucatán","Mexico"
"801+","Bahauddin Zakariya University","Pakistan"
"801+","Bandung Institute of Technology (ITB)","Indonesia"
"801+","Belarusian State University","Belarus","29,303","10.6","6%","69 : 31"
"801+","University of Belgrade","Serbia","96,968","28.3","5%","60 : 40"
"801+","University of Bucharest","Romania","31,806","24.9","2%","70 : 30"
"801+","Cairo University","Egypt","231,941","39.1","3%","47 : 53"
"801+","Central South University","China"
"801+","University of Cergy-Pontoise","France","17,000","9.2","11%","53 : 47"
"801+","Chiba Institute of Technology","Japan","9,853","34.6","1%","9 : 91"
"801+","China University of Mining and Technology","China"
"801+","Chongqing University","China","43,955","16","3%",""
"801+","Chungnam National University","Korea, Republic of","18,361","17.2","3%",""
"801+","Chuo University","Japan"
"801+","Cochin University of Science and Technology","India","7,261","29","0%","35 : 65"
"801+","University of Colombo","Sri Lanka"
"801+","University of Costa Rica","Costa Rica"
"801+","Czech University of Life Sciences Prague (CULS)","Czech Republic"
"801+","University of Debrecen","Hungary","29,714","20.3","13%","57 : 43"
"801+","Doshisha University","Japan"
"801+","University of Electronic Science and Technology of China","China","21,689","9.8","0%","21 : 79"
"801+","Embry-Riddle Aeronautical University","United States","18,617","12.9","8%","15 : 85"
"801+","Erciyes University","Turkey","28,079","28","2%","46 : 54"
"801+","Federal University of Bahia","Brazil","39,861","17.9","1%","47 : 53"
"801+","Federal University of Ceará (UFC)","Brazil","35,618","16.6","1%","35 : 65"
"801+","Federal University of Goiás","Brazil","22,204","10.2","0%","54 : 46"
"801+","Federal University of Ouro Preto","Brazil"
"801+","Federal University of Pernambuco","Brazil","30,424","12","1%","51 : 49"
"801+","Federal University of Rio Grande do Norte (UFRN)","Brazil"
"801+","Federal University of Santa Maria","Brazil","20,452","11.1","0%","56 : 44"
"801+","Federal University of São Carlos","Brazil","18,587","16.9","0%",""
"801+","Federal University of Lavras","Brazil","10,350","20.9","2%","53 : 47"
"801+","Federal University of Viçosa","Brazil","13,163","11.4","3%","70 : 30"
"801+","Ferdowsi University of Mashhad","Iran, Islamic Republic of","22,711","29.9","4%","58 : 42"
"801+","Fluminense Federal University","Brazil","39,243","10","0%","50 : 50"
"801+","Fu Jen Catholic University","Taiwan","25,951","22.8","4%","59 : 41"
"801+","Gazi University","Turkey","76,056","23.8","2%","49 : 51"
"801+","Gdańsk University of Technology","Poland","25,217","23.3","1%","39 : 61"
"801+","Gifu University","Japan","7,318","12.4","4%","35 : 65"
"801+","University of Guadalajara","Mexico","103,180","50.8","1%","51 : 49"
"801+","Gunma University","Japan"
"801+","Hallym University","Korea, Republic of"
"801+","Hashemite University","Jordan"
"801+","Hosei University","Japan"
"801+","University of Ibadan","Nigeria","26,247","17.1","1%","45 : 55"
"801+","University of Indonesia","Indonesia","43,565","15.8","0%","51 : 49"
"801+","I-Shou University","Taiwan","16,263","29.9","10%","45 : 55"
"801+","Islamic Azad University Karaj","Iran, Islamic Republic of"
"801+","Ivane Javakhishvili Tbilisi State University","Georgia","21,531","29.4","2%","62 : 38"
"801+","Iwate University","Japan"
"801+","Jiangsu University","China","32,093","7.6","2%","39 : 61"
"801+","Jinan University","China"
"801+","University of Jordan","Jordan","35,577","13.6","13%","67 : 33"
"801+","Kansai University","Japan"
"801+","University of Karachi","Pakistan","22,677","19.5","","58 : 42"
"801+","Kasetsart University","Thailand","63,139","24.2","0%","60 : 40"
"801+","Kaunas University of Technology","Lithuania","11,090","13.3","4%","44 : 56"
"801+","Khon Kaen University","Thailand","39,669","16.9","1%","62 : 38"
"801+","King Mongkut’s Institute of Technology Ladkrabang","Thailand"
"801+","Kwansei Gakuin University","Japan"
"801+","Kyushu Institute of Technology","Japan","5,890","12.1","4%","11 : 89"
"801+","University of Lahore","Pakistan","19,803","21.6","4%","29 : 71"
"801+","University of Latvia","Latvia","15,100","26.5","3%","68 : 32"
"801+","Lobachevsky State University of Nizhni Novgorod","Russian Federation","18,956","9","4%","52 : 48"
"801+","University of Łódź","Poland","36,734","16.1","2%","67 : 33"
"801+","London South Bank University","United Kingdom","14,197","23.2","35%","54 : 46"
"801+","Londrina State University","Brazil","21,206","13.3","0%","57 : 43"
"801+","Lviv Polytechnic National University","Ukraine","27,842","13.8","1%",""
"801+","Maharaja Sayajirao University of Baroda","India"
"801+","Manipal University","India","22,701","9.5","13%","43 : 57"
"801+","Mansoura University","Egypt","102,616","17.2","2%","55 : 45"
"801+","Marmara University","Turkey"
"801+","University of Marrakech Cadi Ayyad","Morocco","56,060","38.7","1%","46 : 54"
"801+","Meiji University","Japan"
"801+","Ming Chuan University","Taiwan","18,465","24.5","9%","60 : 40"
"801+","Mohammed V University of Rabat","Morocco","71,176","35.6","2%","37 : 63"
"801+","University of Monastir","Tunisia","26,098","14.6","1%","65 : 35"
"801+","Nagaoka University of Technology","Japan"
"801+","University of Nairobi","Kenya","72,676","47","1%","40 : 60"
"801+","Nanjing Tech University","China"
"801+","National Chengchi University","Taiwan","16,867","18.4","10%","57 : 43"
"801+","National Research University of Electronic Technology (MIET)","Russian Federation","4,884","10.5","4%","29 : 71"
"801+","National Research Saratov State University","Russian Federation","18,650","16","2%","66 : 34"
"801+","National University of Science and Technology (MISiS)","Russian Federation","4,441","6.7","13%","43 : 57"
"801+","National Taipei University of Technology","Taiwan","10,227","16.5","3%","25 : 75"
"801+","National Technical University of Ukraine – Kyiv Polytechnic Institute","Ukraine","21,976","9","2%","32 : 68"
"801+","National University of the South","Argentina","18,279","27.8","","57 : 43"
"801+","Nicolaus Copernicus University in Toruń","Poland","22,923","11","1%","69 : 31"
"801+","Novosibirsk State Technical University","Russian Federation"
"801+","Ocean University of China","China","36,205","20.6","1%","40 : 60"
"801+","Oita University","Japan"
"801+","Osaka Prefecture University","Japan","8,051","7.5","3%","36 : 64"
"801+","Osmania University","India"
"801+","University of Pardubice","Czech Republic","10,671","19.8","4%","55 : 45"
"801+","Peoples’ Friendship University of Russia","Russian Federation","15,848","8","35%","50 : 50"
"801+","Pontifical Catholic University of Paraná","Brazil","7,741","10.9","2%","1 : 99"
"801+","Pontifical Catholic University of Valparaíso","Chile","13,493","10.4","0%","45 : 55"
"801+","Prince of Songkla University","Thailand","38,274","16.1","1%","69 : 31"
"801+","Riga Technical University","Latvia","11,186","20.7","8%","34 : 66"
"801+","Rio de Janeiro State University (UERJ)","Brazil","28,757","10.1","0%","46 : 54"
"801+","Ritsumeikan University","Japan","34,867","23.8","4%","36 : 64"
"801+","Robert Gordon University","United Kingdom","9,516","19.2","22%","61 : 39"
"801+","Saitama Medical University","Japan"
"801+","Saitama University","Japan","7,469","11.7","2%","33 : 67"
"801+","Samara State Aerospace University","Russian Federation","8,586","11.1","3%",""
"801+","University of Santiago, Chile (USACH)","Chile","22,739","23.6","1%","39 : 61"
"801+","SASTRA University","India"
"801+","Sathyabama University","India","15,640","19.7","1%","40 : 60"
"801+","Sechenov First Moscow State Medical University","Russian Federation","12,493","6.2","15%","66 : 34"
"801+","University of Seoul","Korea, Republic of","10,243","19","3%","36 : 64"
"801+","Shaanxi Normal University","China"
"801+","Shahid Beheshti University","Iran, Islamic Republic of","17,800","24.9","1%","52 : 48"
"801+","Shanghai University","China","46,044","17.5","3%","48 : 52"
"801+","Sheffield Hallam University","United Kingdom","27,477","18.8","15%","53 : 47"
"801+","Shibaura Institute of Technology Tokyo","Japan"
"801+","Shimane University","Japan"
"801+","Shizuoka University","Japan"
"801+","Showa University","Japan","3,675","2.5","0%","57 : 43"
"801+","Siberian Federal University","Russian Federation","25,547","9.5","1%","50 : 50"
"801+","Sidi Mohamed Ben Abdellah University","Morocco","78,773","53.8","2%","-"
"801+","University of Silesia in Katowice","Poland","32,764","17.3","1%","65 : 35"
"801+","Simón Bolívar University","Venezuela, Bolivarian Republic of","12,523","18.6","0%","46 : 54"
"801+","Slovak University of Technology in Bratislava","Slovakia","16,400","15.3","2%","31 : 69"
"801+","Sofia University","Bulgaria","23,050","13.3","5%","62 : 38"
"801+","Sophia University","Japan","12,799","24.3","8%","53 : 47"
"801+","University of South Africa","South Africa","197,102","108.5","9%","65 : 35"
"801+","South Valley University","Egypt"
"801+","Southern Federal University","Russian Federation","27,556","9","3%","56 : 44"
"801+","University of Southern Mississippi","United States","14,569","18.5","3%","63 : 37"
"801+","Southwest Jiaotong University","China","39,856","15.2","2%","26 : 74"
"801+","SRM University","India","40,568","16.2","2%","17 : 83"
"801+","State University of Maringá","Brazil","17,951","7.4","1%","6 : 94"
"801+","University of Talca","Chile","9,954","25.7","1%","50 : 50"
"801+","Tamkang University","Taiwan","28,113","27.1","5%","48 : 52"
"801+","Taras Shevchenko National University of Kyiv","Ukraine","22,686","8.2","2%","45 : 55"
"801+","Technical University of Liberec","Czech Republic","8,063","15.1","6%","56 : 44"
"801+","Universiti Teknologi MARA","Malaysia","69,268","16.8","0%","65 : 35"
"801+","University of the Andes, Venezuela","Venezuela, Bolivarian Republic of","47,658","20.2","0%","59 : 41"
"801+","University of the Philippines","Philippines","55,681","13.2","1%","62 : 38"
"801+","University of Tlemcen","Algeria"
"801+","Tokai University","Japan","29,700","12.7","1%","27 : 73"
"801+","Tokyo City University","Japan"
"801+","Tokyo Denki University","Japan"
"801+","Tokyo University of Marine Science and Technology","Japan","2,597","11.1","7%","34 : 66"
"801+","Tomas Bata University in Zlín","Czech Republic"
"801+","Tottori University","Japan","6,248","8.2","2%","34 : 66"
"801+","University of Toyama","Japan"
"801+","University of Tunis El Manar","Tunisia","40,068","28.8","1%","66 : 34"
"801+","Universiti Utara Malaysia","Malaysia","20,978","18.2","9%","71 : 29"
"801+","Ural Federal University","Russian Federation","28,427","10.1","3%","48 : 52"
"801+","Utsunomiya University","Japan"
"801+","V.N. Karazin Kharkiv National University","Ukraine","14,410","9.7","22%","53 : 47"
"801+","Vellore Institute of Technology","India"
"801+","Voronezh State University","Russian Federation","14,853","13.8","7%","58 : 42"
"801+","VŠB - Technical University of Ostrava","Czech Republic","14,991","23.9","5%","49 : 51"
"801+","University of West Bohemia","Czech Republic","15,639","21.5","2%","52 : 48"
"801+","Wuhan University of Technology","China","50,260","14.9","2%","31 : 69"
"801+","Xiangtan University","China"
"801+","Xidian University","China","31,618","16.4","2%","29 : 71"
"801+","Yamaguchi University","Japan","10,573","11","3%","35 : 65"
"801+","Yazd University","Iran, Islamic Republic of"
"801+","Yıldız Technical University","Turkey","31,268","28.7","2%","36 : 64"
"801+","Yokohama National University","Japan","10,117","12.1","8%","28 : 72"
"801+","University of Zagreb","Croatia"
"801+","University of Zanjan","Iran, Islamic Republic of",""
